# queries to setup testing
#Update proposal_details set proposal_id = 9124 where proposal_id = 5878;
#Update proposal_media set proposal_id = 9124 where proposal_id = 57;
#Update proposal_detail_additional_costs set proposal_detail_id =15516 where proposal_detail_id =15865;

INSERT INTO `proposal_notes` (`id`, `reminder`, `reminder_date`, `proposal_id`, `created_by`, `note`, `created_at`, `updated_at`) VALUES (NULL, '0', '2022-09-14', '9124', '10', 'My Note here', '2022-09-14 17:22:40', NULL); 
INSERT INTO `proposal_notes` (`id`, `reminder`, `reminder_date`, `proposal_id`, `created_by`, `note`, `created_at`, `updated_at`) VALUES (NULL, '0', '2022-09-14', '9124', '10', 'My Other Note here', '2022-09-14 17:22:40', NULL); 

INSERT INTO `leads` (`id`, `contact_type_id`, `first_name`, `last_name`, `email`, `phone`, `address1`, `address2`, `city`, `postal_code`, `state`, `county`, `created_by`, `status_id`, `assigned_to`, `worked_before`, `worked_before_description`, `previous_assigned_to`, `type_of_work_needed`, `lead_source`, `how_related`, `onsite`, `best_days`, `created_at`, `updated_at`) VALUES (NULL, 18,'Michael', 'Trachtenberg', 'mike.trachtenberg@gmail.com', '7866767777', '123 Street', NULL, 'Weston', '33326', 'FL', 'Broward', '10', '2', 10, '1', 'Yeah we did some work', NULL, 'Asphalt', 'Internet', 'Boss', '1', '10-4pm every day', '2022-11-01 13:14:06', '2022-11-01 13:14:06');
INSERT INTO `leads` (`id`, `contact_type_id`, `first_name`, `last_name`, `email`, `phone`, `address1`, `address2`, `city`, `postal_code`, `state`, `county`, `created_by`, `status_id`, `assigned_to`, `worked_before`, `worked_before_description`, `previous_assigned_to`, `type_of_work_needed`, `lead_source`, `how_related`, `onsite`, `best_days`, `created_at`, `updated_at`) VALUES (NULL, 18,'Sam', 'Franklin', 'sam.trachtenberg@gmail.com', '7866767777', '123 Street', NULL, 'Weston', '33326', 'FL', 'Broward', '10', '2', 675, '1', 'Yeah we did some work', NULL, 'Asphalt', 'Internet', 'Boss', '1', '10-4pm every day', '2022-11-01 13:14:06', '2022-11-01 13:14:06');
INSERT INTO `leads` (`id`, `contact_type_id`,`first_name`, `last_name`, `email`, `phone`, `address1`, `address2`, `city`, `postal_code`, `state`, `county`, `created_by`, `status_id`, `assigned_to`, `worked_before`, `worked_before_description`, `previous_assigned_to`, `type_of_work_needed`, `lead_source`, `how_related`, `onsite`, `best_days`, `created_at`, `updated_at`) VALUES (NULL, 18,'Art', 'Manna', 'art.trachtenberg@gmail.com', '7866767777', '123 Street', NULL, 'Weston', '33326', 'FL', 'Broward', '10', '1', NULL, '1', 'Yeah we did some work', NULL, 'Asphalt', 'Internet', 'Boss', '1', '10-4pm every day', '2022-11-01 13:14:06', '2022-11-01 13:14:06');
INSERT INTO `leads` (`id`,`contact_type_id`, `first_name`, `last_name`, `email`, `phone`, `address1`, `address2`, `city`, `postal_code`, `state`, `county`, `created_by`, `status_id`, `assigned_to`, `worked_before`, `worked_before_description`, `previous_assigned_to`, `type_of_work_needed`, `lead_source`, `how_related`, `onsite`, `best_days`, `created_at`, `updated_at`) VALUES (NULL, 18,'Frank', 'Salzberg', 'frank.trachtenberg@gmail.com', '7866767777', '123 Street', NULL, 'Weston', '33326', 'FL', 'Broward', '10', '1', NULL, '1', 'Yeah we did some work', NULL, 'Asphalt', 'Internet', 'Boss', '1', '10-4pm every day', '2022-11-01 13:14:06', '2022-11-01 13:14:06');

INSERT INTO `leads` (`id`,`contact_type_id`, `first_name`, `last_name`, `email`, `phone`, `address1`, `address2`, `city`, `postal_code`, `state`, `county`, `created_by`, `status_id`, `assigned_to`, `worked_before`, `worked_before_description`, `previous_assigned_to`, `type_of_work_needed`, `lead_source`, `how_related`, `onsite`, `best_days`, `created_at`, `updated_at`) VALUES (NULL,18, 'Sam', 'Hallop', 'test@gmail.com', '7866767777', '123 Street', NULL, 'Weston', '33326', 'FL', 'Broward', '10', '2', 10, '1', 'Yeah we did some work', NULL, 'Asphalt', 'Internet', 'Boss', '1', '10-4pm every day', '2022-11-01 13:14:06', '2022-11-01 13:14:06');
INSERT INTO `leads` (`id`,`contact_type_id`, `first_name`, `last_name`, `email`, `phone`, `address1`, `address2`, `city`, `postal_code`, `state`, `county`, `created_by`, `status_id`, `assigned_to`, `worked_before`, `worked_before_description`, `previous_assigned_to`, `type_of_work_needed`, `lead_source`, `how_related`, `onsite`, `best_days`, `created_at`, `updated_at`) VALUES (NULL,18, 'Asia', 'Tasmin', 'test@gmail.com', '7866767777', '123 Street', NULL, 'Weston', '33326', 'FL', 'Broward', '10', '2',675, '1', 'Yeah we did some work', NULL, 'Asphalt', 'Internet', 'Boss', '1', '10-4pm every day', '2022-11-01 13:14:06', '2022-11-01 13:14:06');


INSERT INTO `lead_notes` (`id`, `lead_id`, `created_by`, `note`, `created_at`, `updated_at`) VALUES (NULL, '1', '10', 'This is another test note for lead 2', '2022-10-20 20:35:58', NULL);
INSERT INTO `lead_notes` (`id`, `lead_id`, `created_by`, `note`, `created_at`, `updated_at`) VALUES (NULL, '2', '10', 'This is another test note for lead 2', '2022-10-20 20:35:58', NULL);


#create alert

Update proposals set on_alert = 1, alert_reason ='This is a test'  Where id = 10288;
Update proposals set on_alert = 1, alert_reason ='This was put on alert because' Where id = 10279;
Update proposals set on_alert = 1, alert_reason ='This was put on alert because' Where id = 10277;

INSERT INTO `proposal_actions` (`id`, `proposal_id`, `action_id`, `created_by`, `note`, `created_at`, `updated_at`) 
VALUES (NULL, '10219', '5', '10', 'Set alert on this proposal because testing', NULL, NULL), 
(NULL, '10218', '5', '10', 'Test alert on this proposal because test', NULL, NULL),
(NULL, '10217', '5', '10', 'Test alert on this proposal because test', NULL, NULL);


#Update `proposal_details` Set `status_id` = 3 where `proposal_id` = 10278;
#Update `proposal_details` Set `status_id` = 3 where `proposal_id` = 10284;

#fake some notes
INSERT INTO `contact_notes` (`id`, `contact_id`, `created_by`, `note`, `created_at`, `updated_at`) VALUES
(NULL, '20', '10', 'Note from lead here', '2022-08-01 10:06:13', '2022-08-01 10:06:13'),
(NULL, '20', '7366', 'Note from Damon Petters', '2022-08-03 10:07:15', '2022-08-03 10:07:15'),
(NULL, '49', '9', 'This is a note from Tom Siodlak', '2022-08-10 10:07:15', '2022-08-10 10:07:15'),
(NULL, '49', '3927', 'Patrick Daly wrote this note', '2022-08-11 10:07:15', '2022-08-11 10:07:15');

UPDATE `contacts` SET `note` = 'This is the initial note for ABM Parking Services', `created_at` = '2022-07-04 10:09:53', `updated_at` = '2022-08-10 10:09:53', `deleted_at` = NULL WHERE `contacts`.`id` = 20;
UPDATE `contacts` SET `note` = 'This is the first note created to Brigadoon Condo HOA', `created_at` = '2022-06-07 10:11:11', `updated_at` = '2022-08-15 10:11:11', `deleted_at` = NULL WHERE `contacts`.`id` = 49;

UPDATE `lead_status` SET `color` = 'd0d0d0' WHERE `lead_status`.`id` = 1;



#create some permit records
INSERT INTO `permits` (`id`, `proposal_id`, `proposal_detail_id`, `status`, `type`, `number`, `city`,`county`, `expires_on`,`created_by`, `created_at`, `updated_at`) VALUES (NULL, '8549', NULL, 'Not Submitted', 'Regular', '12345','Ft. Lauderdale', 'Broward', '2022-11-17 13:58:27','10840', '2022-11-17 13:58:27', NULL);
INSERT INTO `permits` (`id`, `proposal_id`, `proposal_detail_id`, `status`, `type`, `number`, `city`,`county`, `expires_on`,`created_by`, `created_at`, `updated_at`) VALUES (NULL, '5878', NULL, 'Not Submitted', 'Regular', '12345','Ft. Lauderdale', 'Broward','2022-11-17 13:58:27', '10840', '2022-11-17 13:58:27', NULL);
INSERT INTO `permits` (`id`, `proposal_id`, `proposal_detail_id`, `status`, `type`, `number`, `city`,`county`, `expires_on`,`created_by`, `created_at`, `updated_at`) VALUES (NULL, '5878', NULL, 'Not Submitted', 'Regular', '12345', 'Ft. Lauderdale','Broward','2022-11-17 13:58:27', '10840', '2022-11-17 13:58:27', NULL);
INSERT INTO `permits` (`id`, `proposal_id`, `proposal_detail_id`, `status`, `type`, `number`, `city`,`county`, `expires_on`,`created_by`, `created_at`, `updated_at`) VALUES (NULL, '5889', '7883', 'Not Submitted', 'Regular', '32443','Ft. Lauderdale', 'Broward', '2022-11-17 13:58:27','10', '2022-11-17 14:01:46', NULL);

INSERT INTO `permit_notes` (`id`, `permit_id`, `created_by`, `note`, `fee`, `created_at`, `updated_at`) VALUES (NULL, '3', '10', 'Test Note for this permit', '23', '2022-11-17 14:02:45', NULL);
INSERT INTO `permit_notes` (`id`, `permit_id`, `created_by`, `note`, `fee`, `created_at`, `updated_at`) VALUES (NULL, '1', '10', 'Test Note for this permit', '23', '2022-11-17 14:02:45', NULL);
INSERT INTO `permit_notes` (`id`, `permit_id`, `created_by`, `note`, `fee`, `created_at`, `updated_at`) VALUES (NULL, '1', '10', 'Test Note for this permit times two', '0', '2022-11-17 14:02:45', NULL);
INSERT INTO `permit_notes` (`id`, `permit_id`, `created_by`, `note`, `fee`, `created_at`, `updated_at`) VALUES (NULL, '2', '10', 'Test Note for this permit', '23', '2022-11-17 14:02:45', NULL);

#fake proposals permits required
Update proposals set permit_required =1 where id = 8549;
Update proposals set permit_required =1 where id = 5878;
Update proposals set permit_required =1 where id = 5889;
Update proposals set permit_required =1, mot_required=1, nto_required=1, on_alert =1  where id = 5879;

Update proposals Set name = "Test Proposal Name" WHERE id = 10680; 
UPDATE proposals Set progressive_billing = 1 where id =10680;
DELETE FROM proposal_details WHERE proposal_id = 10680;
INSERT INTO `proposal_details` VALUES (32937, 10680, NULL, 1, NULL, NULL, 1, 6196, NULL, NULL, 41166.74, 0, 545.00, 'All Excavation', 'All Excavation', 1, 4, 0, 2444, 0, 0, 48, 3, 0, 3, 233, 0, 545, 32332, 0, 0, 0, 0, 0, 0, 0, 2, 0, '<p>Saw-cut and remove existing surface materials where necessary<br>Excavate existing material to desired depth<br>Haul off and properly dispose of any removed materials</p>', NULL, NULL, NULL, 10, NULL, NULL, NULL, NULL, NULL, NULL, '2023-06-18 19:19:27');
INSERT INTO `proposal_details` VALUES (32938, 10680, NULL, 2, NULL, NULL, 1, 6196, NULL, NULL, 5680.08, 0, 2077.00, 'Rock Services', 'Rock Services', 1, 2, 0, 3434, 0, 0, 67, 4, 0, 3, 3434, 0, 31, 2, 0, 0, 0, 0, 0, 0, 0, 45, 0, '<p>Supply and install up to @3 inches of D.O.T. approved limerock Compact and grade</p>', NULL, NULL, NULL, 10, NULL, NULL, NULL, NULL, NULL, NULL, '2023-06-18 19:19:27');
INSERT INTO `proposal_details` VALUES (32939, 10680, NULL, 3, NULL, NULL, 1, 6196, NULL, NULL, 8662.48, 0, 2960.00, 'Repairs', 'Repairs', 0, 5, 0, 2300, 256, 0, 29, 0, 2, 2, 334, 0, 96, 343, 18, 0, 0, 18, 4.4, 0.15, 0, 43, 0, '<p>Saw-cut and remove damaged asphalt where necessary&nbsp;<br>Properly dispose of any removed materials&nbsp;<br>Preparation and cleaning of surface area, including grading&nbsp;<br>Apply DOT approved tack coat to surface which ensures asphalt adheres to surface&nbsp;<br>Apply up to @@INCHES@@\" of compacted DOT approved hot mix asphalt<br>Compact with a 3-5 ton vibratory roller&nbsp;<br>Complete tie-ins to existing asphalt to create a smooth transition<br><br></p>', NULL, NULL, NULL, 10, NULL, NULL, NULL, NULL, NULL, NULL, '2023-06-18 19:18:11');
INSERT INTO `proposal_details` VALUES (32940, 10680, NULL, 4, NULL, NULL, 1, 6196, NULL, NULL, 9433.78, 0, 3051.00, 'Asphalt Paving - (Over 3500 SY)', 'Asphalt Paving - (Over 3500 SY)', 0, 1, 0, 2322, 258, 0, 29, 0, 2, 2, 23, 0, 103, 233, 18, 0, 0, 18, 4.4, 0.15, 0, 3, 0, '<p>Prepare and clean surface area<br>Apply D.O.T. approved tack coat to surface<br>Apply asphalt to desired thickness<br>Compact with the 3-5 ton vibratory roller<br>Complete tie-ins for smooth transitions</p>', NULL, NULL, NULL, 10, NULL, NULL, NULL, NULL, NULL, NULL, '2023-06-18 19:19:27');
INSERT INTO `proposal_details` VALUES (32941, 10680, NULL, 5, NULL, NULL, 1, 6196, NULL, NULL, 3899.00, 0, 3163.00, 'Paving (Under 3500 SY)', 'Paving (Under 3500 SY)', 1, 6, 0, 2322, 258, 0, 29, 0, 2, 2, 232, 0, 103, 22, 18, 0, 0, 18, 4.4, 0.15, 0, 2, 0, '<p>Excavate existing materials where necessary<br>Supply and install limerock<br>Grade and compact, ready for paving<br>Apply D.O.T. approved tack coat to surface<br>Apply D.O.T. approved hot-mix asphalt to desired thickness<br>Compact with a 3-5 ton vibratory roller<br>Complete tie-ins to existing asphalt</p>', NULL, NULL, NULL, 10, NULL, NULL, NULL, NULL, NULL, NULL, '2023-06-18 19:11:17');
INSERT INTO `proposal_details` VALUES (32942, 10680, NULL, 6, NULL, NULL, 1, 6196, NULL, NULL, 622.00, NULL, 0.00, 'Curb (Extruded)', 'Curb (Extruded)', 0, 7, 3434, 0, 0, 58, 0, 0, 3, 0, 33, 0, 0, 354, 0, 0, 0, 0, 0, 0, 0, 55, 0, '<p>Saw-cut and remove existing curbing where necessary<br>Properly dispose of any removed materials<br>Form and pour Type EXT 6\" x 6\" curbing using 3000 psi concrete<br>Hand-finish curb edges&nbsp;<br>Strip forms and clean once concrete cures</p>', NULL, NULL, NULL, 10, NULL, NULL, NULL, NULL, NULL, NULL, '2023-06-18 19:11:17');
INSERT INTO `proposal_details` VALUES (32943, 10680, NULL, 7, NULL, NULL, 1, 6196, NULL, NULL, 711.00, NULL, 0.00, 'Curb (Type D)', 'Curb (Type D) ', 0, 3, 2333, 0, 0, 112, 0, 0, 3, 0, 33, 0, 0, 555, 0, 0, 0, 0, 0, 0, 0, 3, 0, '<p>Saw-cut and remove existing curbing where necessary<br>Properly dispose of any removed materials<br>Trench and excavate existing material where necessary<br>Form and pour Type D 18\" x 6\" curbing using 3000 psi concrete<br>Hand-finish curb edges&nbsp;<br>Strip forms and clean once concrete cures</p>', NULL, NULL, NULL, 10, NULL, NULL, NULL, NULL, NULL, NULL, '2023-06-18 19:19:27');
INSERT INTO `proposal_details` VALUES (32944, 10680, NULL, 8, NULL, NULL, 1, 6196, NULL, NULL, 1328.72, NULL, 0.00, 'Curb (Type Mod D)', 'Curb (Type Mod D) ', 0, 8, 3333, 0, 0, 112, 0, 0, 3, 0, 34, 0, 0, 33, 0, 0, 0, 0, 0, 0, 0, 55, 0, '<p>Saw-cut and remove existing curbing where necessary<br>Properly dispose of any removed materials<br>Trench and excavate existing material where necessary<br>Form and pour Type Mod D 12\" x 6\" curbing using 3000 psi concrete<br>Hand-finish curb edges&nbsp;<br>Strip forms and clean once concrete cures</p>', NULL, NULL, NULL, 10, NULL, NULL, NULL, NULL, NULL, NULL, '2023-06-18 19:11:17');
INSERT INTO `proposal_details` VALUES (32945, 10680, NULL, 9, NULL, NULL, 1, 6196, NULL, NULL, 25229.00, 160, 25120.00, 'Curb (Type F)', 'Curb (Type F)', 0, 9, 2343, 0, 0, 157, 0, 0, 4, 0, 44, 0, 0, 45, 0, 0, 0, 0, 0, 0, 0, 20, 0, '<p>Saw-cut and remove existing curbing where necessary<br>Properly dispose of any removed materials<br>Trench and excavate existing material where necessary<br>Form and pour Type F curbing using 3000 psi concrete<br>Hand-finish curb edges&nbsp;<br>Strip forms and clean once concrete cures</p>', NULL, NULL, NULL, 10, NULL, NULL, NULL, NULL, NULL, NULL, '2023-06-18 19:11:17');
INSERT INTO `proposal_details` VALUES (32946, 10680, NULL, 10, NULL, NULL, 1, 6196, NULL, NULL, 250268.00, 160, 249920.00, 'Curb (Valley Gutter)', 'Curb (Valley Gutter)', 0, 10, 34343, 0, 0, 1562, 0, 0, 3, 0, 343, 0, 0, 4, 0, 0, 0, 0, 0, 0, 0, 148, 0, 'Saw-cut and remove existing curbing where necessary<br />Properly dispose of any removed materials<br />Trench and excavate existing material<br />Form and pour Type Valley curbing using 3000 psi concrete<br />Hand-finish curb edges&nbsp;<br />Strip forms and clean once concrete cures', NULL, NULL, NULL, 10, NULL, NULL, NULL, NULL, NULL, NULL, '2023-06-18 19:11:17');
INSERT INTO `proposal_details` VALUES (32947, 10680, NULL, 11, NULL, NULL, 1, 6196, NULL, NULL, 40609.92, 160, 22080.00, 'Curb (Header) [New or Repairs]', 'Curb (Header) [New or Repairs]', 0, 12, 3433, 0, 0, 138, 0, 0, 3, 0, 34, 0, 0, 334, 0, 0, 0, 0, 0, 0, 0, 12083, 0, '<p>Saw-cut and remove existing curbing where necessary<br>Properly dispose of any removed materials<br>Trench and excavate existing material where necessary<br>Form and pour Type Header (12\" x 12\") curbing using 3000 psi concrete<br>Hand-finish curb edges<br>Strip forms and clean once concrete cures</p>', NULL, NULL, NULL, 10, NULL, NULL, NULL, NULL, NULL, NULL, '2023-06-18 19:18:11');
INSERT INTO `proposal_details` VALUES (32948, 10680, NULL, 12, NULL, NULL, 1, 6196, NULL, NULL, 6465.00, 160, 2080.00, 'Slab', 'Slab', 0, 13, 0, 1233, 0, 13, 0, 0, 3, 3, 23, 0, 0, 32, 0, 0, 0, 0, 0, 0, 0, 1930, 0, 'Excavate and remove up to @13tons of existing materials<br />Saw-cut and remove existing damaged materials where necessary<br />Saw-cut and remove existing concrete using a professional-grade wet-saw<br />Form and pour @3 slab using 3000 psi concrete<br />Broom-finish surfaces to reduce slippage<br />Strip forms and clean once concrete cures', NULL, NULL, NULL, 10, NULL, NULL, NULL, NULL, NULL, NULL, '2023-06-18 19:18:11');
INSERT INTO `proposal_details` VALUES (32949, 10680, NULL, 13, NULL, NULL, 1, 6196, NULL, NULL, 5123.88, 160, 2560.00, 'Ramp', 'Ramp', 1, 11, 0, 2333, 0, 16, 0, 0, 2, 2, 232, 0, 0, 32, 0, 0, 0, 0, 0, 0, 0, 1528, 0, 'Excavate and remove up to @16tons of existing materials<br />Saw-cut and remove existing damaged materials where necessary<br />Saw-cut and remove existing concrete using a professional-grade wet-saw<br />Form and pour @2ramp using 3000 psi concrete<br />Broom-finish surfaces to reduce slippage<br />Strip forms and clean once concrete cures', NULL, NULL, NULL, 10, NULL, NULL, NULL, NULL, NULL, NULL, '2023-06-18 19:18:11');
INSERT INTO `proposal_details` VALUES (32950, 10680, NULL, 14, NULL, NULL, 1, 6196, NULL, NULL, 14916.00, 160, 9600.00, 'Sidewalks', 'Sidewalks', 0, 14, 0, 4455, 0, 60, 0, 0, 4, 4, 5, 0, 0, 5, 0, 0, 0, 0, 0, 0, 0, 4474, 0, 'Excavate and remove up to @60tons of existing materials<br />Saw-cut and remove existing damaged materials where necessary<br />Saw-cut and remove existing concrete using a professional-grade wet-saw<br />Form and pour @4\" sidewalk using 3000 psi concrete<br />Broom-finish surfaces to reduce slippage<br />Strip forms and clean once concrete cures', NULL, NULL, NULL, 10, NULL, NULL, NULL, NULL, NULL, NULL, '2023-06-18 19:11:17');
INSERT INTO `proposal_details` VALUES (32951, 10680, NULL, 15, NULL, NULL, 1, 6196, NULL, NULL, 2785.00, 0, 547.00, 'Sealcoating', 'Sealcoating', 0, 15, 0, 1211, 0, 0, 0, 0, 0, 0, 332, 0, 0, 32, 22, 120, 5, 1, 11, 22, 4, 826, 0, '<p>Thoroughly clean entire area to be sealed with blowers and cleaning machinery. Oil-stained spots will be sealed with a petro-bond (provides better adhesion through separation of oil spot) The area under consideration is up to @1211 SQ FT We will apply 2 spray coats of long lasting rubber-fortified StarSeal Pavement Sealer Sealcoat is strictly manufactured to Federal specifications (GSA-FSS) RP335D, with 3 pounds of Silica Sand per gallon with 2% Polymer Additive and applied at the rate of 1/8 gallon per square yard This project is proposed for @[object HTMLInputElement] phases (Additional phases available for additional cost)</p>', NULL, NULL, NULL, 10, NULL, NULL, NULL, NULL, NULL, NULL, '2023-06-18 19:11:17');
INSERT INTO `proposal_details` VALUES (32952, 10680, NULL, 16, NULL, NULL, 1, 6196, NULL, NULL, 2489.00, 0, 0.00, 'Other Service', 'Other Service', 0, 16, 0, 0, 0, 0, 0, 0, 2, 0, 100, 0, 2344, 22, 0, 0, 0, 0, 0, 0, 0, 23, 0, '<p>Two flag-men on-site to coordinate traffic and trucking<br>Project coordinating, phasing, and on-site support<br>Work schedules and phasing maps for residents for the project<br>Pre-Construction meeting with Property Manager and any interested board members<br>Designated Staging Area for equipment on-site<br>Provide signs, barricades, and cones as required for safety<br>Provide sand to protect area from tire tracking.</p>', 'test description here', NULL, NULL, 10, NULL, NULL, NULL, NULL, NULL, NULL, '2023-06-18 19:11:17');
INSERT INTO `proposal_details` VALUES (32953, 10680, NULL, 17, NULL, NULL, 1, 6196, NULL, NULL, 35833.00, 0, 32332.00, 'Any Sub Contractor', 'Any Sub Contractor', 0, 17, 0, 0, 0, 0, 0, 0, 0, 0, 34, 0, 32332, 3434, 0, 0, 0, 13857, 0, 0, 0, 33, 0, '<p>na</p>', 'ytrestf fgdfgdfggdg fdgd dgdd', NULL, NULL, 10, NULL, NULL, NULL, NULL, NULL, NULL, '2023-06-18 19:11:17');
INSERT INTO `proposal_details` VALUES (32954, 10680, NULL, 18, NULL, NULL, 1, 6196, NULL, NULL, 0.00, 0, NULL, 'Pavement Markings', 'Pavement Markings', 0, 18, 0, 0, 0, 0, 0, 0, 0, 0, 0, 0, 0, 0, 0, 0, 0, 0, 0, 0, 0, 0, 0, NULL, NULL, NULL, NULL, 10, NULL, NULL, NULL, NULL, NULL, NULL, '2023-06-18 19:11:17');
INSERT INTO `proposal_details` VALUES (32955, 10680, NULL, 19, NULL, NULL, 1, 6196, NULL, NULL, 5353.00, 0, 4646.00, 'Milling', 'Milling', 0, 19, 0, 1233, 137, 0, 0, 1, 2, 2, 33, 2, 2323, 33, 0, 0, 0, 0, 0, 0, 0, 33, 0, '<p>Mill existing asphalt @@SQFT@@ sq. ft.<br>Clean surface with a box sweeper to collect millings<br>Haul away asphalt millings<br>Clean surface for Asphalt Paving<br>Trim edges of roadway with a milling head to ensure flush removal of asphalt<br>Price includes two flagmen on-site to coordinate trucking and traffic for neighborhood residents</p>', NULL, NULL, NULL, 10, NULL, NULL, NULL, NULL, NULL, NULL, '2023-06-18 19:11:17');
INSERT INTO `proposal_details` VALUES (32956, 10680, NULL, 20, NULL, NULL, 1, 6196, NULL, NULL, 34463.00, 0, 34343.00, 'Paver Brick', 'Paver Brick', 0, 20, 0, 2344, 0, 0, 3, 0, 0, 0, 43, 0, 34343, 34, 0, 0, 0, 0, 0, 0, 0, 43, 0, '<p>Excavate and remove up to@3tons of existing materials<br>Demo and remove existing paver bricks<br>Lift existing paver bricks and set aside<br>Apply new sand and compact ready for pavers<br>Re-sand paver bricks to set in place using (polymeric/regular) sand<br>Pressure wash paver bricks<br>Seal paver bricks using Cobble Loc sealer<br>Furnish and install @2344 Sq Ft. of paver bricks<br>Remove existing paver bricks and re-sand</p>', '[object Object]', NULL, NULL, 10, NULL, NULL, NULL, NULL, NULL, NULL, '2023-06-18 19:11:17');
INSERT INTO `proposal_details` VALUES (32957, 10680, NULL, 21, NULL, NULL, 1, 6196, NULL, NULL, 3534.00, 0, 3434.00, 'Drainage and Catchbasins', 'Drainage and Catchbasins', 0, 21, 0, 0, 0, 0, 0, 0, 0, 0, 34, 0, 3434, 33, 0, 0, 0, 0, 0, 0, 0, 33, 34, '<p>Furnish and Install @444 Type C Catch Basins.<br>Perform asphalt repairs necessary to tie catch basin and collar into existing asphalt.<br>Saw-cut existing concrete structure.<br>Remove 1 brick from structure to lower grate 2 inches.<br>Re-place structure lid on new lowered base.<br>Use concrete mortar to lock lid in place.<br>Back-fill around structure.<br>Re-check all elevations to make sure drainage structure is on proper grade.</p>', 'test desc', NULL, NULL, 10, NULL, NULL, NULL, NULL, NULL, NULL, '2023-06-18 20:03:48');
INSERT INTO `proposal_details` VALUES (32958, 10680, NULL, 22, NULL, NULL, 1, 6196, NULL, NULL, 4588.00, 0, 4216.00, 'Milling and Paving- (Over 3500 SY)', 'Milling and Paving- (Over 3500 SY)', 0, 22, 0, 3433, 382, 0, 43, 0, 2, 2, 56, 0, 96, 55, NULL, 0, 0, NULL, NULL, NULL, 0, 33, 0, '<p><strong>ASPHALT MILLING :<br></strong><br>Mill existing asphalt 1&rdquo;<br>Clean surface with a box sweeper to collect millings<br>Haul away asphalt millings<br>Clean surface for Asphalt Paving<br>Trim edges of roadway with a milling head to ensure flush removal of asphalt<br>Price includes two flagmen on-site to coordinate trucking and traffic for neighborhood residents<br><br><strong>ASPHALT PAVING:<br></strong><br>Preparation and cleaning of surface area<br>Apply D.O.T. approved tack coat to surface<br>Apply 1.25&rdquo; of D.O.T. approved S-3 hot mix asphalt<br>Asphalt will be 1&rdquo; after compaction with a 3-5 ton vibratory roller.&nbsp;&nbsp;<br>Re-roll with an asphalt tire (rubber) roller<br>Price includes two flagmen on-site to coordinate trucking and traffic for neighborhood residents</p>', NULL, NULL, NULL, 10, NULL, NULL, NULL, NULL, NULL, NULL, '2023-06-18 19:11:18');


INSERT INTO `proposal_detail_vehicles` VALUES (16384, 32937, 2, 'NQR', 3, 3, 8, 19.00, 20011, '2023-06-07 18:06:00', '2023-06-07 18:06:00');
INSERT INTO `proposal_detail_vehicles` VALUES (16385, 32938, 3, ' International ', 1, 1, 8, 15.00, 20011, '2023-06-08 12:19:50', '2023-06-08 12:19:50');
INSERT INTO `proposal_detail_vehicles` VALUES (16386, 32939, 3, ' International ', 1, 1, 8, 15.00, 20011, '2023-06-13 14:40:29', '2023-06-13 14:40:29');
INSERT INTO `proposal_detail_vehicles` VALUES (16387, 32940, 5, 'NQR 3', 1, 1, 8, 19.00, 20011, '2023-06-13 14:42:08', '2023-06-13 14:42:08');
INSERT INTO `proposal_detail_vehicles` VALUES (16388, 32941, 3, ' International ', 2, 2, 8, 15.00, 20011, '2023-06-13 14:49:37', '2023-06-13 14:49:37');
INSERT INTO `proposal_detail_vehicles` VALUES (16389, 32942, 3, ' International ', 1, 2, 6, 15.00, 20011, '2023-06-13 15:58:34', '2023-06-13 15:58:34');
INSERT INTO `proposal_detail_vehicles` VALUES (16390, 32943, 3, ' International ', 1, 1, 8, 15.00, 20011, '2023-06-13 16:31:47', '2023-06-13 16:31:47');
INSERT INTO `proposal_detail_vehicles` VALUES (16391, 32947, 3, ' International ', 3, 3, 8, 15.00, 20011, '2023-06-14 14:45:42', '2023-06-14 14:45:42');
INSERT INTO `proposal_detail_vehicles` VALUES (16392, 32949, 2, 'NQR', 2, 2, 7, 19.00, 20011, '2023-06-14 17:33:44', '2023-06-14 17:33:44');
INSERT INTO `proposal_detail_vehicles` VALUES (16393, 32951, 2, 'NQR', 1, 1, 8, 19.00, 20011, '2023-06-15 01:32:41', '2023-06-15 01:32:41');
INSERT INTO `proposal_detail_vehicles` VALUES (16395, 32955, 5, 'NQR 3', 2, 2, 8, 19.00, 20011, '2023-06-18 14:56:27', '2023-06-18 14:56:27');
INSERT INTO `proposal_detail_vehicles` VALUES (16394, 32958, 2, 'NQR', 2, 3, 2, 19.00, 20011, '2023-06-17 12:06:41', '2023-06-17 12:06:41');


INSERT INTO `proposal_detail_subcontractors` VALUES (16385, 32937, 751, 20011, 3334, 0, 0, 0, '32937_faqs-6522e3.pdf', 'test', '2023-06-07 18:07:21', '2023-06-07 18:07:21');
INSERT INTO `proposal_detail_subcontractors` VALUES (16386, 32937, 1571, 20011, 2323, 10, 0, 1, '32937_crp-2854-4fd846.xlsx', 'test', '2023-06-07 18:08:02', '2023-06-07 18:08:02');
INSERT INTO `proposal_detail_subcontractors` VALUES (16387, 32940, 714, 20011, 4333, 10, 0, 1, '32940_skin-6483ae.jpg', 'test', '2023-06-13 14:43:09', '2023-06-13 14:43:09');
INSERT INTO `proposal_detail_subcontractors` VALUES (16389, 32947, 754, 20011, 3334, 2, 0, 1, '32947_skin-5e0635.jpg', 'test', '2023-06-14 14:47:00', '2023-06-14 14:47:00');
INSERT INTO `proposal_detail_subcontractors` VALUES (16390, 32949, 751, 20011, 222, 2, 0, 1, '32949_skin-d38891.jpg', 'test', '2023-06-14 17:34:16', '2023-06-14 17:34:16');

INSERT INTO `proposal_detail_labor` VALUES (16384, 32937, 'Base Worker', 26.00, 2, 2, 8, 20011, '2023-06-07 18:19:44', '2023-06-07 18:19:44');
INSERT INTO `proposal_detail_labor` VALUES (16385, 32939, 'Concrete Cutting, No Skid Steer, Min 1,000', 100.00, 3, 2, 8, 20011, '2023-06-13 14:40:48', '2023-06-13 14:40:48');
INSERT INTO `proposal_detail_labor` VALUES (16386, 32940, 'Specialty Concrete (Advanced Concrete Cutting)', 50.00, 1, 2, 8, 20011, '2023-06-13 14:42:28', '2023-06-13 14:42:28');
INSERT INTO `proposal_detail_labor` VALUES (16387, 32944, 'Concrete Cutting, w/ Skid Steer, Min 1,500', 150.00, 1, 1, 8, 20011, '2023-06-13 16:33:53', '2023-06-13 16:33:53');
INSERT INTO `proposal_detail_labor` VALUES (16388, 32947, 'Base Worker', 26.00, 2, 3, 8, 20011, '2023-06-14 14:46:02', '2023-06-14 14:46:02');
INSERT INTO `proposal_detail_labor` VALUES (16389, 32948, 'Advanced Concrete Cutting, w/ Bobcat, Min 1,200', 75.00, 2, 2, 8, 20011, '2023-06-14 17:22:21', '2023-06-14 17:22:21');
INSERT INTO `proposal_detail_labor` VALUES (16390, 32950, 'Base Worker', 26.00, 2, 2, 8, 20011, '2023-06-14 17:35:44', '2023-06-14 17:35:44');
INSERT INTO `proposal_detail_labor` VALUES (16391, 32951, 'Crew Member', 28.00, 2, 2, 8, 20011, '2023-06-15 01:32:50', '2023-06-15 01:32:50');
INSERT INTO `proposal_detail_labor` VALUES (16392, 32958, 'Base Worker', 26.00, 2, 2, 8, 20011, '2023-06-17 12:07:27', '2023-06-17 12:07:27');

INSERT INTO `proposal_detail_equipment` VALUES (16384, 32937, 80, 20011, 8, 2, 2, 'per hour', 0.94, '2023-06-07 18:06:09', '2023-06-07 18:06:09');
INSERT INTO `proposal_detail_equipment` VALUES (16385, 32937, 68, 20011, 8, 1, 1, 'per hour', 0.42, '2023-06-07 18:20:21', '2023-06-07 18:20:21');
INSERT INTO `proposal_detail_equipment` VALUES (16386, 32938, 79, 20011, 8, 1, 1, 'per hour', 0.26, '2023-06-08 12:20:01', '2023-06-08 12:20:01');
INSERT INTO `proposal_detail_equipment` VALUES (16387, 32939, 81, 20011, 8, 1, 1, 'per hour', 7.81, '2023-06-13 14:40:52', '2023-06-13 14:40:52');
INSERT INTO `proposal_detail_equipment` VALUES (16388, 32940, 70, 20011, 8, 1, 1, 'per hour', 7.81, '2023-06-13 14:42:17', '2023-06-13 14:42:17');
INSERT INTO `proposal_detail_equipment` VALUES (16389, 32944, 68, 20011, 8, 2, 1, 'per hour', 0.42, '2023-06-13 16:32:55', '2023-06-13 16:32:55');
INSERT INTO `proposal_detail_equipment` VALUES (16390, 32947, 79, 20011, 8, 3, 1, 'per hour', 0.26, '2023-06-14 14:45:51', '2023-06-14 14:45:51');
INSERT INTO `proposal_detail_equipment` VALUES (16391, 32949, 68, 20011, 8, 2, 2, 'per hour', 0.42, '2023-06-14 17:33:55', '2023-06-14 17:33:55');



INSERT INTO `proposal_detail_additional_costs` VALUES (2049, 32937, 20011, 23.00, 'Other', 'test', '2023-06-07 18:23:00', '2023-06-07 18:23:00');
INSERT INTO `proposal_detail_additional_costs` VALUES (2052, 32937, 20011, 3243.00, 'Dump Fee', 'test', '2023-06-15 12:18:07', '2023-06-15 12:18:07');
INSERT INTO `proposal_detail_additional_costs` VALUES (2050, 32940, 20011, 343.00, 'Other', 'test', '2023-06-13 14:42:44', '2023-06-13 14:42:44');
INSERT INTO `proposal_detail_additional_costs` VALUES (2051, 32947, 20011, 344.00, 'Dump Fee', 'test', '2023-06-14 14:46:12', '2023-06-14 14:46:12');

